Designator,Mid X,Mid Y,Rotation,Layer
BRD1,55.9,-5.99,0.0,top
BRD2,391.81,-31.75,180.0,top
C1,16.25,-12.0,0.0,top
C2,36.5,-28.75,270.0,top
C3,39.0,-28.75,270.0,top
C4,34.5,-29.0,90.0,bottom
C5,20.75,-4.0,180.0,bottom
C6,12.25,-2.0,0.0,top
C7,11.5,-10.5,180.0,bottom
C8,3.0,-22.0,0.0,bottom
CONN1,1.5,-28.81,0.0,top
CONN2,1.5,-108.0,180.0,top
CONN3,312.75,-28.81,0.0,top
CONN4,312.75,-108.19,180.0,top
CONN5,325.0,-28.81,0.0,top
CONN6,325.0,-108.19,180.0,top
CONN7,408.0,-28.81,0.0,top
CONN8,408.0,-108.19,180.0,top
D1,19.0,-25.5,90.0,bottom
D10,228.25,-24.75,90.0,bottom
D11,247.25,-24.63,90.0,bottom
D12,266.5,-24.63,90.0,bottom
D13,284.5,-25.5,90.0,bottom
D14,307.75,-25.75,90.0,bottom
D15,17.25,-50.25,90.0,bottom
D16,37.5,-49.5,90.0,bottom
D17,55.25,-49.25,90.0,bottom
D18,74.25,-49.25,90.0,bottom
D19,93.25,-49.25,90.0,bottom
D2,57.5,-26.0,90.0,bottom
D20,112.5,-49.25,90.0,bottom
D21,131.25,-49.5,90.0,bottom
D22,150.5,-49.5,90.0,bottom
D23,169.346035,-49.25,90.0,bottom
D24,188.5,-49.25,90.0,bottom
D25,207.446035,-49.5,90.0,bottom
D26,226.5,-49.25,90.0,bottom
D27,245.546035,-49.5,90.0,bottom
D28,274.5,-49.75,90.0,bottom
D29,307.5,-50.0,90.0,bottom
D3,76.75,-25.5,90.0,bottom
D30,21.75,-68.5,90.0,bottom
D31,46.5,-68.321967,90.0,bottom
D32,66.0,-68.75,90.0,bottom
D33,85.0,-68.25,90.0,bottom
D34,104.0,-68.25,90.0,bottom
D35,123.0,-68.25,90.0,bottom
D36,142.25,-68.75,90.0,bottom
D37,161.0,-68.75,90.0,bottom
D38,180.25,-68.5,90.0,bottom
D39,199.25,-68.75,90.0,bottom
D4,95.75,-25.75,90.0,bottom
D40,218.5,-68.75,90.0,bottom
D41,237.25,-69.0,90.0,bottom
D42,256.25,-68.75,90.0,bottom
D43,280.25,-68.75,90.0,bottom
D44,307.5,-68.75,90.0,bottom
D45,24.5,-87.75,90.0,bottom
D46,51.5,-87.75,90.0,bottom
D47,70.5,-87.25,90.0,bottom
D48,89.5,-87.25,90.0,bottom
D49,108.0,-87.75,90.0,bottom
D5,113.75,-25.5,90.0,bottom
D50,127.0,-87.75,90.0,bottom
D51,146.0,-87.5,90.0,bottom
D52,165.25,-87.5,90.0,bottom
D53,183.75,-87.5,90.0,bottom
D54,204.25,-87.25,90.0,bottom
D55,222.25,-87.75,90.0,bottom
D56,241.0,-87.5,90.0,bottom
D57,274.25,-87.25,90.0,bottom
D58,308.25,-88.0,90.0,bottom
D59,28.852285,-106.75,90.0,bottom
D6,142.5,-25.5,90.0,bottom
D60,60.0,-106.75,90.0,bottom
D61,80.75,-106.5,90.0,bottom
D62,97.908535,-106.75,90.0,bottom
D63,118.25,-106.75,90.0,bottom
D64,137.5,-106.75,90.0,bottom
D65,156.25,-107.0,90.0,bottom
D66,175.25,-107.0,90.0,bottom
D67,194.5,-107.0,90.0,bottom
D68,213.5,-107.0,90.0,bottom
D69,232.5,-107.0,90.0,bottom
D7,162.5,-24.63,90.0,bottom
D70,258.75,-107.0,90.0,bottom
D71,289.0,-112.0,90.0,bottom
D72,17.25,-125.75,90.0,bottom
D73,36.5,-126.25,90.0,bottom
D74,55.75,-126.0,90.0,bottom
D75,75.0,-126.25,90.0,bottom
D76,141.5,-125.5,90.0,bottom
D77,207.75,-125.75,90.0,bottom
D78,227.25,-126.0,90.0,bottom
D79,246.75,-125.75,90.0,bottom
D8,180.5,-25.5,90.0,bottom
D80,269.75,-130.5,90.0,bottom
D81,290.0,-130.25,90.0,bottom
D82,308.75,-129.0,0.0,bottom
D83,343.239227,-47.560058,90.0,bottom
D84,362.25,-48.0,90.0,bottom
D85,381.3,-48.0,90.0,bottom
D86,400.35,-48.75,90.0,bottom
D87,343.25,-66.75,90.0,bottom
D88,362.5,-67.0,90.0,bottom
D89,381.329186,-66.25,90.0,bottom
D9,200.75,-25.5,90.0,bottom
D90,400.75,-76.75,90.0,bottom
D91,343.25,-86.25,90.0,bottom
D92,362.25,-86.25,90.0,bottom
D93,381.3,-87.0,90.0,bottom
D94,343.75,-105.25,90.0,bottom
D95,362.5,-105.5,90.0,bottom
D96,381.75,-105.0,90.0,bottom
D97,400.75,-114.25,90.0,bottom
D98,352.75,-123.75,90.0,bottom
D99,381.5,-124.75,90.0,bottom
ESD1,26.75,-33.75,0.0,top
ESD2,339.25,-26.75,180.0,top
J1,33.36,-2.455,180.0,top
J2,43.36,-2.88,270.0,top
L1,36.5,-29.0,270.0,bottom
L2,18.25,-11.0,0.0,bottom
LED1,11.869924,-26.763889,180.0,bottom
LED10,220.467424,-26.763889,180.0,bottom
LED11,239.517424,-26.763889,180.0,bottom
LED12,258.567424,-26.763889,180.0,bottom
LED13,277.617424,-26.763889,180.0,bottom
LED14,302.382424,-26.763889,180.0,bottom
LED15,11.869924,-50.576389,180.0,bottom
LED16,30.919924,-50.576389,180.0,bottom
LED17,49.969924,-50.576389,180.0,bottom
LED18,69.019924,-50.576389,180.0,bottom
LED19,88.069924,-50.576389,180.0,bottom
LED2,49.969924,-26.763889,180.0,bottom
LED20,107.119924,-50.576389,180.0,bottom
LED21,126.169924,-50.576389,180.0,bottom
LED22,145.219924,-50.576389,180.0,bottom
LED23,164.269924,-50.576389,180.0,bottom
LED24,183.319924,-50.576389,180.0,bottom
LED25,202.369924,-50.576389,180.0,bottom
LED26,221.419924,-50.576389,180.0,bottom
LED27,240.469924,-50.576389,180.0,bottom
LED28,269.044924,-50.576389,180.0,bottom
LED29,302.382424,-50.576389,180.0,bottom
LED3,69.019924,-26.763889,180.0,bottom
LED30,16.632424,-69.626389,180.0,bottom
LED31,40.444924,-69.626389,180.0,bottom
LED32,59.494924,-69.626389,180.0,bottom
LED33,78.544924,-69.626389,180.0,bottom
LED34,97.594924,-69.626389,180.0,bottom
LED35,116.644924,-69.626389,180.0,bottom
LED36,135.694924,-69.626389,180.0,bottom
LED37,154.744924,-69.626389,180.0,bottom
LED38,173.794924,-69.626389,180.0,bottom
LED39,192.844924,-69.626389,180.0,bottom
LED4,88.069924,-26.763889,180.0,bottom
LED40,211.894924,-69.626389,180.0,bottom
LED41,230.944924,-69.626389,180.0,bottom
LED42,249.994924,-69.626389,180.0,bottom
LED43,273.807424,-69.626389,180.0,bottom
LED44,302.382424,-69.626389,180.0,bottom
LED45,19.013674,-88.676389,180.0,bottom
LED46,45.207424,-88.676389,180.0,bottom
LED47,64.257424,-88.676389,180.0,bottom
LED48,83.307424,-88.676389,180.0,bottom
LED49,102.357424,-88.676389,180.0,bottom
LED5,107.119924,-26.763889,180.0,bottom
LED50,121.407424,-88.676389,180.0,bottom
LED51,140.457424,-88.676389,180.0,bottom
LED52,159.507424,-88.676389,180.0,bottom
LED53,178.557424,-88.676389,180.0,bottom
LED54,197.607424,-88.676389,180.0,bottom
LED55,216.657424,-88.676389,180.0,bottom
LED56,235.707424,-88.676389,180.0,bottom
LED57,266.663674,-88.676389,180.0,bottom
LED58,302.382424,-88.676389,180.0,bottom
LED59,23.776174,-107.726389,180.0,bottom
LED6,135.694924,-26.763889,180.0,bottom
LED60,54.732424,-107.726389,180.0,bottom
LED61,73.782424,-107.726389,180.0,bottom
LED62,92.832424,-107.726389,180.0,bottom
LED63,111.882424,-107.726389,180.0,bottom
LED64,130.932424,-107.726389,180.0,bottom
LED65,149.982424,-107.726389,180.0,bottom
LED66,169.032424,-107.726389,180.0,bottom
LED67,188.082424,-107.726389,180.0,bottom
LED68,207.132424,-107.726389,180.0,bottom
LED69,226.182424,-107.726389,180.0,bottom
LED7,154.744924,-26.763889,180.0,bottom
LED70,252.376174,-107.726389,180.0,bottom
LED71,283.332424,-112.488889,180.0,bottom
LED72,11.869924,-126.776389,180.0,bottom
LED73,30.919924,-126.776389,180.0,bottom
LED74,49.969924,-126.776389,180.0,bottom
LED75,69.019924,-126.776389,180.0,bottom
LED76,135.694924,-126.776389,180.0,bottom
LED77,202.369924,-126.776389,180.0,bottom
LED78,221.419924,-126.776389,180.0,bottom
LED79,240.469924,-126.776389,180.0,bottom
LED8,173.794924,-26.763889,180.0,bottom
LED80,264.282424,-131.538889,180.0,bottom
LED81,283.332424,-131.538889,180.0,bottom
LED82,302.382424,-131.538889,180.0,bottom
LED83,338.123889,-48.663889,180.0,bottom
LED84,357.173889,-48.663889,180.0,bottom
LED85,376.223889,-48.663889,180.0,bottom
LED86,395.273889,-48.663889,180.0,bottom
LED87,338.123889,-67.713889,180.0,bottom
LED88,357.173889,-67.713889,180.0,bottom
LED89,376.223889,-67.713889,180.0,bottom
LED9,192.844924,-26.763889,180.0,bottom
LED90,395.273889,-77.238889,180.0,bottom
LED91,338.123889,-86.763889,180.0,bottom
LED92,357.173889,-86.763889,180.0,bottom
LED93,376.223889,-86.763889,180.0,bottom
LED94,338.123889,-105.813889,180.0,bottom
LED95,357.173889,-105.813889,180.0,bottom
LED96,376.223889,-105.813889,180.0,bottom
LED97,395.273889,-115.338889,180.0,bottom
LED98,347.648889,-124.863889,180.0,bottom
LED99,376.223889,-124.863889,180.0,bottom
Q1,12.75,-5.25,90.0,top
Q2,6.0,-11.75,0.0,top
Q3,16.4375,-6.55,180.0,top
R1,10.75,-12.75,180.0,bottom
R10,8.5,-7.25,270.0,top
R11,44.25,-10.75,90.0,bottom
R12,26.0,-30.0,0.0,top
R13,5.0,-14.25,270.0,bottom
R14,21.25,-18.0,0.0,top
R15,20.75,-6.25,180.0,bottom
R16,26.25,-7.5,90.0,top
R17,24.0,-7.5,270.0,top
R18,335.25,-22.0,270.0,top
R19,332.25,-19.25,0.0,top
R2,34.75,-3.0,90.0,bottom
R20,333.25,-22.0,270.0,top
R21,342.0,-22.0,0.0,top
R22,339.0,-19.75,0.0,top
R3,20.5,-7.0,0.0,top
R4,32.25,-3.0,90.0,bottom
R5,10.0,-12.25,0.0,top
R6,13.75,-10.0,180.0,top
R7,25.9,-27.5,0.0,top
R8,46.25,-10.75,270.0,bottom
R9,10.75,-8.0,90.0,top
RE1,361.25,-20.0,0.0,top
SPDT1,21.75,-1.25,0.0,top
SS34,7.25,-10.0,270.0,bottom
SW1,11.231035,-19.23195,180.0,bottom
SW10,219.828535,-19.23195,180.0,bottom
SW11,238.878535,-19.23195,180.0,bottom
SW12,257.928535,-19.23195,180.0,bottom
SW13,276.978535,-19.23195,180.0,bottom
SW14,301.743535,-19.23195,180.0,bottom
SW15,11.231035,-43.04445,180.0,bottom
SW16,30.281035,-43.04445,180.0,bottom
SW17,49.331035,-43.04445,180.0,bottom
SW18,68.381035,-43.04445,180.0,bottom
SW19,87.431035,-43.04445,180.0,bottom
SW2,49.331035,-19.23195,180.0,bottom
SW20,106.481035,-43.04445,180.0,bottom
SW21,125.531035,-43.04445,180.0,bottom
SW22,144.581035,-43.04445,180.0,bottom
SW23,163.631035,-43.04445,180.0,bottom
SW24,182.681035,-43.04445,180.0,bottom
SW25,201.731035,-43.04445,180.0,bottom
SW26,220.781035,-43.04445,180.0,bottom
SW27,239.831035,-43.04445,180.0,bottom
SW28,269.041035,-44.54255,180.0,bottom
SW29,301.743535,-43.04445,180.0,bottom
SW3,68.381035,-19.23195,180.0,bottom
SW30,15.993535,-62.09445,180.0,bottom
SW31,39.806035,-62.09445,180.0,bottom
SW32,58.856035,-62.09445,180.0,bottom
SW33,77.906035,-62.09445,180.0,bottom
SW34,96.956035,-62.09445,180.0,bottom
SW35,116.006035,-62.09445,180.0,bottom
SW36,135.056035,-62.09445,180.0,bottom
SW37,154.106035,-62.09445,180.0,bottom
SW38,173.156035,-62.09445,180.0,bottom
SW39,192.206035,-62.09445,180.0,bottom
SW4,87.431035,-19.23195,180.0,bottom
SW40,211.256035,-62.09445,180.0,bottom
SW41,230.306035,-62.09445,180.0,bottom
SW42,249.356035,-62.09445,180.0,bottom
SW43,273.168535,-62.09445,180.0,bottom
SW44,301.743535,-62.09445,180.0,bottom
SW45,18.374785,-81.14445,180.0,bottom
SW46,44.568535,-81.14445,180.0,bottom
SW47,63.618535,-81.14445,180.0,bottom
SW48,82.668535,-81.14445,180.0,bottom
SW49,101.718535,-81.14445,180.0,bottom
SW5,106.481035,-19.23195,180.0,bottom
SW50,120.768535,-81.14445,180.0,bottom
SW51,139.818535,-81.14445,180.0,bottom
SW52,158.868535,-81.14445,180.0,bottom
SW53,177.918535,-81.14445,180.0,bottom
SW54,196.968535,-81.14445,180.0,bottom
SW55,216.018535,-81.14445,180.0,bottom
SW56,235.068535,-81.14445,180.0,bottom
SW57,266.659785,-82.64255,180.0,bottom
SW58,301.743535,-81.14445,180.0,bottom
SW59,23.772285,-101.69255,180.0,bottom
SW6,135.056035,-19.23195,180.0,bottom
SW60,54.093535,-100.19445,180.0,bottom
SW61,73.143535,-100.19445,180.0,bottom
SW62,92.193535,-100.19445,180.0,bottom
SW63,111.243535,-100.19445,180.0,bottom
SW64,130.293535,-100.19445,180.0,bottom
SW65,149.343535,-100.19445,180.0,bottom
SW66,168.393535,-100.19445,180.0,bottom
SW67,187.443535,-100.19445,180.0,bottom
SW68,206.493535,-100.19445,180.0,bottom
SW69,225.543535,-100.19445,180.0,bottom
SW7,154.106035,-19.23195,180.0,bottom
SW70,251.737285,-100.19445,180.0,bottom
SW71,282.693535,-104.95695,180.0,bottom
SW72,11.231035,-119.24445,180.0,bottom
SW73,30.281035,-119.24445,180.0,bottom
SW74,49.331035,-119.24445,180.0,bottom
SW75,68.381035,-119.24445,180.0,bottom
SW76,135.691035,-120.74255,180.0,bottom
SW77,201.731035,-119.24445,180.0,bottom
SW78,220.781035,-119.24445,180.0,bottom
SW79,239.831035,-119.24445,180.0,bottom
SW8,173.156035,-19.23195,180.0,bottom
SW80,263.643535,-124.00695,180.0,bottom
SW81,282.693535,-124.00695,180.0,bottom
SW82,301.743535,-124.00695,180.0,bottom
SW83,337.485,-41.13195,180.0,bottom
SW84,356.535,-41.13195,180.0,bottom
SW85,375.585,-41.13195,180.0,bottom
SW86,394.635,-41.13195,180.0,bottom
SW87,337.485,-60.18195,180.0,bottom
SW88,356.535,-60.18195,180.0,bottom
SW89,375.585,-60.18195,180.0,bottom
SW9,192.206035,-19.23195,180.0,bottom
SW90,396.07695,-72.075,180.0,bottom
SW91,337.485,-79.23195,180.0,bottom
SW92,356.535,-79.23195,180.0,bottom
SW93,375.585,-79.23195,180.0,bottom
SW94,337.485,-98.28195,180.0,bottom
SW95,356.535,-98.28195,180.0,bottom
SW96,375.585,-98.28195,180.0,bottom
SW97,396.07695,-110.175,180.0,bottom
SW98,347.645,-118.83005,180.0,bottom
SW99,375.585,-117.33195,180.0,bottom
U1,2.25,-14.75,90.0,bottom
U2,43.36,-7.88,270.0,top
U3,31.0,-18.0,0.0,top
U4,16.3625,-5.55,0.0,bottom
U5,337.6675,-17.4042,0.0,bottom
U6,331.83,-31.75,0.0,top
U7,11.5,-7.25,0.0,bottom
U8,342.75,-31.25,0.0,bottom
